{
	"class_name" : "PinholeCameraParameters",
	"extrinsic" : 
	[
		0.87607979271206937,
		0.089196001683365986,
		0.47384414113216472,
		0.0,
		-0.40240923068550799,
		-0.40611119876162233,
		0.82045140337468858,
		0.0,
		0.26561439693788347,
		-0.90946015169665306,
		-0.31989252041150551,
		0.0,
		-20.115216499637718,
		-2.0137148894126797,
		15.932455837942708,
		1.0
	],
	"intrinsic" : 
	{
		"height" : 720,
		"intrinsic_matrix" : 
		[
			623.53829072479584,
			0.0,
			0.0,
			0.0,
			623.53829072479584,
			0.0,
			639.5,
			359.5,
			1.0
		],
		"width" : 1280
	},
	"version_major" : 1,
	"version_minor" : 0
}