{
	"class_name" : "PinholeCameraParameters",
	"extrinsic" : 
	[
		0.73782373259632483,
		-0.36678871736891655,
		0.56664113548920192,
		0.0,
		-0.67012886371737368,
		-0.49864430874014254,
		0.54980101798189418,
		0.0,
		0.080891567116038954,
		-0.78537881953356159,
		-0.61370731150735103,
		0.0,
		-5.3841248130329866,
		3.4308621934242325,
		261.42289041445031,
		1.0
	],
	"intrinsic" : 
	{
		"height" : 720,
		"intrinsic_matrix" : 
		[
			623.53829072479584,
			0.0,
			0.0,
			0.0,
			623.53829072479584,
			0.0,
			639.5,
			359.5,
			1.0
		],
		"width" : 1280
	},
	"version_major" : 1,
	"version_minor" : 0
}