{
	"class_name" : "PinholeCameraParameters",
	"extrinsic" : 
	[
		0.066802825740562372,
		-0.62028098440006341,
		-0.78152983491659767,
		0.0,
		-0.99776619056054927,
		-0.041613283106479736,
		-0.052258622670232194,
		0.0,
		-0.00010699236326165706,
		0.78327506985782991,
		-0.62167527978185366,
		0.0,
		-0.79765908919777762,
		0.92209928160703925,
		112.5592755722231,
		1.0
	],
	"intrinsic" : 
	{
		"height" : 1051,
		"intrinsic_matrix" : 
		[
			910.19269937744502,
			0.0,
			0.0,
			0.0,
			910.19269937744502,
			0.0,
			959.5,
			525.0,
			1.0
		],
		"width" : 1920
	},
	"version_major" : 1,
	"version_minor" : 0
}