{
	"class_name" : "PinholeCameraParameters",
	"extrinsic" : 
	[
		0.79715109761076497,
		-0.598512506564705,
		-0.079579564359116728,
		0.0,
		-0.30311842036230918,
		-0.51069504217940664,
		0.8045556519784276,
		0.0,
		-0.52217750891340708,
		-0.61723038922189188,
		-0.58852127897466944,
		0.0,
		-17.38825643649816,
		24.900768385225081,
		93.726685924953586,
		1.0
	],
	"intrinsic" : 
	{
		"height" : 800,
		"intrinsic_matrix" : 
		[
			692.82032302755101,
			0.0,
			0.0,
			0.0,
			692.82032302755101,
			0.0,
			599.5,
			399.5,
			1.0
		],
		"width" : 1200
	},
	"version_major" : 1,
	"version_minor" : 0
}