{
	"class_name" : "PinholeCameraParameters",
	"extrinsic" : 
	[
		0.31867356702448757,
		-0.069370983860166074,
		0.94532260328321904,
		0.0,
		-0.93601485013060381,
		0.13417426062053978,
		0.32538203411054323,
		0.0,
		-0.14941003318008025,
		-0.98852664829290471,
		-0.022174480826465229,
		0.0,
		-4.1413151205542613,
		0.67413318227989172,
		3.9810847638478428,
		1.0
	],
	"intrinsic" : 
	{
		"height" : 800,
		"intrinsic_matrix" : 
		[
			692.82032302755101,
			0.0,
			0.0,
			0.0,
			692.82032302755101,
			0.0,
			599.5,
			399.5,
			1.0
		],
		"width" : 1200
	},
	"version_major" : 1,
	"version_minor" : 0
}