{
	"class_name" : "PinholeCameraParameters",
	"extrinsic" : 
	[
		0.77617800464242936,
		0.42795595979173323,
		-0.46303498959369527,
		0.0,
		0.13333826742777971,
		-0.82917846034835696,
		-0.54284803337000886,
		0.0,
		-0.61625369090063464,
		0.35960642009433708,
		-0.70065298905969153,
		0.0,
		-30.143709981386891,
		8.1223527508299931,
		137.17881598662683,
		1.0
	],
	"intrinsic" : 
	{
		"height" : 800,
		"intrinsic_matrix" : 
		[
			692.82032302755101,
			0.0,
			0.0,
			0.0,
			692.82032302755101,
			0.0,
			599.5,
			399.5,
			1.0
		],
		"width" : 1200
	},
	"version_major" : 1,
	"version_minor" : 0
}