{
	"class_name" : "PinholeCameraParameters",
	"extrinsic" : 
	[
		0.96457901281867908,
		0.19462337834411023,
		0.1780704035814713,
		0.0,
		-0.065915598288718735,
		-0.47579794121426749,
		0.87708121233925929,
		0.0,
		0.25542604004287228,
		-0.85775174714959912,
		-0.44611599201309438,
		0.0,
		2.1328832240594906,
		-2.1164674114746287,
		42.505108398762992,
		1.0
	],
	"intrinsic" : 
	{
		"height" : 1055,
		"intrinsic_matrix" : 
		[
			913.65680099258282,
			0.0,
			0.0,
			0.0,
			913.65680099258282,
			0.0,
			959.5,
			527.0,
			1.0
		],
		"width" : 1920
	},
	"version_major" : 1,
	"version_minor" : 0
}