{
	"class_name" : "PinholeCameraParameters",
	"extrinsic" : 
	[
		-0.25887507046771913,
		-0.29231398517345641,
		0.92061731026651128,
		0.0,
		-0.91713263117880317,
		-0.2246657752059622,
		-0.32923096190691042,
		0.0,
		0.30307001619655294,
		-0.92955786453728451,
		-0.20993032596436553,
		0.0,
		-0.33757679188270817,
		15.209227455373828,
		56.597748715617925,
		1.0
	],
	"intrinsic" : 
	{
		"height" : 800,
		"intrinsic_matrix" : 
		[
			692.82032302755101,
			0.0,
			0.0,
			0.0,
			692.82032302755101,
			0.0,
			599.5,
			399.5,
			1.0
		],
		"width" : 1200
	},
	"version_major" : 1,
	"version_minor" : 0
}