{
	"class_name" : "PinholeCameraParameters",
	"extrinsic" : 
	[
		0.16644714865789573,
		-0.12121182976067742,
		0.9785719386073386,
		0.0,
		-0.98463273180632283,
		0.03276558840731611,
		0.17153658406281849,
		0.0,
		-0.052855748592507953,
		-0.99208573648772458,
		-0.11389539630000281,
		0.0,
		0.97513191480606298,
		4.492797116233751,
		21.281275618285758,
		1.0
	],
	"intrinsic" : 
	{
		"height" : 800,
		"intrinsic_matrix" : 
		[
			692.82032302755101,
			0.0,
			0.0,
			0.0,
			692.82032302755101,
			0.0,
			599.5,
			399.5,
			1.0
		],
		"width" : 1200
	},
	"version_major" : 1,
	"version_minor" : 0
}