{
	"class_name" : "PinholeCameraParameters",
	"extrinsic" : 
	[
		0.99754811896103912,
		-0.02670987112539789,
		-0.064686421618120105,
		0.0,
		0.043150056657944295,
		-0.49296213304494341,
		0.86898009643155572,
		0.0,
		-0.055098302766135698,
		-0.86964068336770239,
		-0.49060091608561746,
		0.0,
		-11.650677705039923,
		-0.28373036530308404,
		19.364443064384449,
		1.0
	],
	"intrinsic" : 
	{
		"height" : 800,
		"intrinsic_matrix" : 
		[
			692.82032302755101,
			0.0,
			0.0,
			0.0,
			692.82032302755101,
			0.0,
			599.5,
			399.5,
			1.0
		],
		"width" : 1200
	},
	"version_major" : 1,
	"version_minor" : 0
}