{
	"class_name" : "PinholeCameraParameters",
	"extrinsic" : 
	[
		0.96041277366218913,
		-0.12965541859611554,
		-0.24657002375626855,
		0.0,
		0.17553064246015823,
		-0.40565239534672914,
		0.89701456382100364,
		0.0,
		-0.21632451951645443,
		-0.90478483993606296,
		-0.36683524323304595,
		0.0,
		-0.59777638283369861,
		2.7225339300008162,
		23.037814491518422,
		1.0
	],
	"intrinsic" : 
	{
		"height" : 900,
		"intrinsic_matrix" : 
		[
			779.4228634059948,
			0.0,
			0.0,
			0.0,
			779.4228634059948,
			0.0,
			699.5,
			449.5,
			1.0
		],
		"width" : 1400
	},
	"version_major" : 1,
	"version_minor" : 0
}